{"cameraMode":{"drawMode":0,"name":"Shaded","section":"Shading Mode"},"sceneLighting":true,"audioPlay":false,"sceneViewState":{"m_AlwaysRefresh":false,"showFog":true,"showSkybox":false,"showFlares":true,"showImageEffects":true,"showParticleSystems":true,"showVisualEffectGraphs":true,"m_FxEnabled":true},"in2DMode":false,"pivot":{"x":-2.9909141063690187,"y":3.219543218612671,"z":5.6245551109313969},"rotation":{"x":-0.0991092249751091,"y":0.027458272874355317,"z":-0.0027348618023097517,"w":-0.9946976900100708},"size":11.948725700378418,"orthographic":false}